#Release 14.7 - par P.20131013 (nt64)
#Copyright (c) 1995-2013 Xilinx, Inc.  All rights reserved.

#Thu Dec 10 00:07:41 2020

#
## NOTE: This file is designed to be imported into a spreadsheet program
# such as Microsoft Excel for viewing, printing and sorting. The |
# character is used as the data field separator. This file is also designed
# to support parsing.
#
#INPUT FILE:       RCA20_map.ncd
#OUTPUT FILE:      RCA20_pad.csv
#PART TYPE:        xc3s100e
#SPEED GRADE:      -4
#PACKAGE:          tq144
#
# Pinout by Pin Number:
# 
# -----,-----,-----,-----,-----,-----,-----,-----,-----,-----,-----,-----,-----,-----,-----,
Pin Number,Signal Name,Pin Usage,Pin Name,Direction,IO Standard,IO Bank Number,Drive (mA),Slew Rate,Termination,IOB Delay,Voltage,Constraint,IO Register,Signal Integrity,
P1,,,PROG_B,,,,,,,,,,,,
P2,,DIFFM,IO_L01P_3,UNUSED,,3,,,,,,,,,
P3,,DIFFS,IO_L01N_3,UNUSED,,3,,,,,,,,,
P4,,DIFFM,IO_L02P_3,UNUSED,,3,,,,,,,,,
P5,,DIFFS,IO_L02N_3/VREF_3,UNUSED,,3,,,,,,,,,
P6,,IBUF,IP,UNUSED,,3,,,,,,,,,
P7,,DIFFM,IO_L03P_3,UNUSED,,3,,,,,,,,,
P8,,DIFFS,IO_L03N_3,UNUSED,,3,,,,,,,,,
P9,,,VCCINT,,,,,,,,1.2,,,,
P10,,IOB,IO,UNUSED,,3,,,,,,,,,
P11,,,GND,,,,,,,,,,,,
P12,,IBUF,IP/VREF_3,UNUSED,,3,,,,,,,,,
P13,,,VCCO_3,,,3,,,,,2.50,,,,
P14,,DIFFM,IO_L04P_3/LHCLK0,UNUSED,,3,,,,,,,,,
P15,Sum<2>,IOB,IO_L04N_3/LHCLK1,OUTPUT,LVCMOS25*,3,12,SLOW,NONE**,,,UNLOCATED,NO,NONE,
P16,,DIFFM,IO_L05P_3/LHCLK2,UNUSED,,3,,,,,,,,,
P17,,DIFFS,IO_L05N_3/LHCLK3/IRDY2,UNUSED,,3,,,,,,,,,
P18,,IBUF,IP,UNUSED,,3,,,,,,,,,
P19,,,GND,,,,,,,,,,,,
P20,,DIFFM,IO_L06P_3/LHCLK4/TRDY2,UNUSED,,3,,,,,,,,,
P21,Sum<8>,IOB,IO_L06N_3/LHCLK5,OUTPUT,LVCMOS25*,3,12,SLOW,NONE**,,,UNLOCATED,NO,NONE,
P22,Sum<6>,IOB,IO_L07P_3/LHCLK6,OUTPUT,LVCMOS25*,3,12,SLOW,NONE**,,,UNLOCATED,NO,NONE,
P23,Sum<1>,IOB,IO_L07N_3/LHCLK7,OUTPUT,LVCMOS25*,3,12,SLOW,NONE**,,,UNLOCATED,NO,NONE,
P24,,IBUF,IP,UNUSED,,3,,,,,,,,,
P25,,DIFFM,IO_L08P_3,UNUSED,,3,,,,,,,,,
P26,,DIFFS,IO_L08N_3,UNUSED,,3,,,,,,,,,
P27,,,GND,,,,,,,,,,,,
P28,,,VCCO_3,,,3,,,,,2.50,,,,
P29,,IOB,IO,UNUSED,,3,,,,,,,,,
P30,,,VCCAUX,,,,,,,,2.5,,,,
P31,,IBUF,IP/VREF_3,UNUSED,,3,,,,,,,,,
P32,,DIFFM,IO_L09P_3,UNUSED,,3,,,,,,,,,
P33,,DIFFS,IO_L09N_3,UNUSED,,3,,,,,,,,,
P34,,DIFFM,IO_L10P_3,UNUSED,,3,,,,,,,,,
P35,,DIFFS,IO_L10N_3,UNUSED,,3,,,,,,,,,
P36,,IBUF,IP,UNUSED,,3,,,,,,,,,
P37,,,GND,,,,,,,,,,,,
P38,,IBUF,IP,UNUSED,,2,,,,,,,,,
P39,,DIFFM,IO_L01P_2/CSO_B,UNUSED,,2,,,,,,,,,
P40,,DIFFS,IO_L01N_2/INIT_B,UNUSED,,2,,,,,,,,,
P41,,IBUF,IP,UNUSED,,2,,,,,,,,,
P42,,,VCCO_2,,,2,,,,,2.50,,,,
P43,,DIFFM,IO_L02P_2/DOUT/BUSY,UNUSED,,2,,,,,,,,,
P44,Sum<3>,IOB,IO_L02N_2/MOSI/CSI_B,OUTPUT,LVCMOS25*,2,12,SLOW,NONE**,,,UNLOCATED,NO,NONE,
P45,,,VCCINT,,,,,,,,1.2,,,,
P46,,,GND,,,,,,,,,,,,
P47,,DIFFMI,IP_L03P_2,UNUSED,,2,,,,,,,,,
P48,,DIFFSI,IP_L03N_2/VREF_2,UNUSED,,2,,,,,,,,,
P49,,,VCCO_2,,,2,,,,,2.50,,,,
P50,Sum<4>,IOB,IO_L04P_2/D7/GCLK12,OUTPUT,LVCMOS25*,2,12,SLOW,NONE**,,,UNLOCATED,NO,NONE,
P51,,DIFFS,IO_L04N_2/D6/GCLK13,UNUSED,,2,,,,,,,,,
P52,Sum<0>,IOB,IO/D5,OUTPUT,LVCMOS25*,2,12,SLOW,NONE**,,,UNLOCATED,NO,NONE,
P53,Sum<7>,IOB,IO_L05P_2/D4/GCLK14,OUTPUT,LVCMOS25*,2,12,SLOW,NONE**,,,UNLOCATED,NO,NONE,
P54,Sum<5>,IOB,IO_L05N_2/D3/GCLK15,OUTPUT,LVCMOS25*,2,12,SLOW,NONE**,,,UNLOCATED,NO,NONE,
P55,,,GND,,,,,,,,,,,,
P56,,DIFFMI,IP_L06P_2/RDWR_B/GCLK0,UNUSED,,2,,,,,,,,,
P57,,DIFFSI,IP_L06N_2/M2/GCLK1,UNUSED,,2,,,,,,,,,
P58,Sum<9>,IOB,IO_L07P_2/D2/GCLK2,OUTPUT,LVCMOS25*,2,12,SLOW,NONE**,,,UNLOCATED,NO,NONE,
P59,B<3>,IBUF,IO_L07N_2/D1/GCLK3,INPUT,LVCMOS25*,2,,,,NONE,,UNLOCATED,NO,NONE,
P60,Sum<11>,IOB,IO/M1,OUTPUT,LVCMOS25*,2,12,SLOW,NONE**,,,UNLOCATED,NO,NONE,
P61,,,GND,,,,,,,,,,,,
P62,Sum<12>,IOB,IO_L08P_2/M0,OUTPUT,LVCMOS25*,2,12,SLOW,NONE**,,,UNLOCATED,NO,NONE,
P63,Sum<13>,IOB,IO_L08N_2/DIN/D0,OUTPUT,LVCMOS25*,2,12,SLOW,NONE**,,,UNLOCATED,NO,NONE,
P64,,,VCCO_2,,,2,,,,,2.50,,,,
P65,,,VCCAUX,,,,,,,,2.5,,,,
P66,,IBUF,IP/VREF_2,UNUSED,,2,,,,,,,,,
P67,Sum<16>,IOB,IO_L09P_2/VS2/A19,OUTPUT,LVCMOS25*,2,12,SLOW,NONE**,,,UNLOCATED,NO,NONE,
P68,Sum<15>,IOB,IO_L09N_2/VS1/A18,OUTPUT,LVCMOS25*,2,12,SLOW,NONE**,,,UNLOCATED,NO,NONE,
P69,,IBUF,IP,UNUSED,,2,,,,,,,,,
P70,B<13>,IBUF,IO_L10P_2/VS0/A17,INPUT,LVCMOS25*,2,,,,NONE,,UNLOCATED,NO,NONE,
P71,Cin,IBUF,IO_L10N_2/CCLK,INPUT,LVCMOS25*,2,,,,NONE,,UNLOCATED,NO,NONE,
P72,,,DONE,,,,,,,,,,,,
P73,,,GND,,,,,,,,,,,,
P74,B<8>,IBUF,IO_L01P_1/A16,INPUT,LVCMOS25*,1,,,,NONE,,UNLOCATED,NO,NONE,
P75,Sum<19>,IOB,IO_L01N_1/A15,OUTPUT,LVCMOS25*,1,12,SLOW,NONE**,,,UNLOCATED,NO,NONE,
P76,OVF,IOB,IO_L02P_1/A14,OUTPUT,LVCMOS25*,1,12,SLOW,NONE**,,,UNLOCATED,NO,NONE,
P77,Sum<17>,IOB,IO_L02N_1/A13,OUTPUT,LVCMOS25*,1,12,SLOW,NONE**,,,UNLOCATED,NO,NONE,
P78,B<4>,IBUF,IP,INPUT,LVCMOS25*,1,,,,NONE,,UNLOCATED,NO,NONE,
P79,,,VCCO_1,,,1,,,,,2.50,,,,
P80,,,VCCINT,,,,,,,,1.2,,,,
P81,B<1>,IBUF,IO_L03P_1/A12,INPUT,LVCMOS25*,1,,,,NONE,,UNLOCATED,NO,NONE,
P82,B<2>,IBUF,IO_L03N_1/A11,INPUT,LVCMOS25*,1,,,,NONE,,UNLOCATED,NO,NONE,
P83,Sum<10>,IOB,IO/VREF_1,OUTPUT,LVCMOS25*,1,12,SLOW,NONE**,,,UNLOCATED,NO,NONE,
P84,B<0>,IBUF,IP,INPUT,LVCMOS25*,1,,,,NONE,,UNLOCATED,NO,NONE,
P85,B<5>,IBUF,IO_L04P_1/A10/RHCLK0,INPUT,LVCMOS25*,1,,,,NONE,,UNLOCATED,NO,NONE,
P86,B<6>,IBUF,IO_L04N_1/A9/RHCLK1,INPUT,LVCMOS25*,1,,,,NONE,,UNLOCATED,NO,NONE,
P87,B<10>,IBUF,IO_L05P_1/A8/RHCLK2,INPUT,LVCMOS25*,1,,,,NONE,,UNLOCATED,NO,NONE,
P88,B<11>,IBUF,IO_L05N_1/A7/RHCLK3/TRDY1,INPUT,LVCMOS25*,1,,,,NONE,,UNLOCATED,NO,NONE,
P89,B<9>,IBUF,IP,INPUT,LVCMOS25*,1,,,,NONE,,UNLOCATED,NO,NONE,
P90,,,GND,,,,,,,,,,,,
P91,Sum<14>,IOB,IO_L06P_1/A6/RHCLK4/IRDY1,OUTPUT,LVCMOS25*,1,12,SLOW,NONE**,,,UNLOCATED,NO,NONE,
P92,Sum<18>,IOB,IO_L06N_1/A5/RHCLK5,OUTPUT,LVCMOS25*,1,12,SLOW,NONE**,,,UNLOCATED,NO,NONE,
P93,B<12>,IBUF,IO_L07P_1/A4/RHCLK6,INPUT,LVCMOS25*,1,,,,NONE,,UNLOCATED,NO,NONE,
P94,B<7>,IBUF,IO_L07N_1/A3/RHCLK7,INPUT,LVCMOS25*,1,,,,NONE,,UNLOCATED,NO,NONE,
P95,B<18>,IBUF,IP/VREF_1,INPUT,LVCMOS25*,1,,,,NONE,,UNLOCATED,NO,NONE,
P96,B<15>,IBUF,IO_L08P_1/A2,INPUT,LVCMOS25*,1,,,,NONE,,UNLOCATED,NO,NONE,
P97,Carry,IOB,IO_L08N_1/A1,OUTPUT,LVCMOS25*,1,12,SLOW,NONE**,,,UNLOCATED,NO,NONE,
P98,B<17>,IBUF,IO/A0,INPUT,LVCMOS25*,1,,,,NONE,,UNLOCATED,NO,NONE,
P99,,,GND,,,,,,,,,,,,
P100,,,VCCO_1,,,1,,,,,2.50,,,,
P101,B<14>,IBUF,IP,INPUT,LVCMOS25*,1,,,,NONE,,UNLOCATED,NO,NONE,
P102,,,VCCAUX,,,,,,,,2.5,,,,
P103,B<19>,IBUF,IO_L09P_1/HDC,INPUT,LVCMOS25*,1,,,,NONE,,UNLOCATED,NO,NONE,
P104,A<11>,IBUF,IO_L09N_1/LDC0,INPUT,LVCMOS25*,1,,,,NONE,,UNLOCATED,NO,NONE,
P105,A<0>,IBUF,IO_L10P_1/LDC1,INPUT,LVCMOS25*,1,,,,NONE,,UNLOCATED,NO,NONE,
P106,A<1>,IBUF,IO_L10N_1/LDC2,INPUT,LVCMOS25*,1,,,,NONE,,UNLOCATED,NO,NONE,
P107,A<2>,IBUF,IP,INPUT,LVCMOS25*,1,,,,NONE,,UNLOCATED,NO,NONE,
P108,,,TMS,,,,,,,,,,,,
P109,,,TDO,,,,,,,,,,,,
P110,,,TCK,,,,,,,,,,,,
P111,A<3>,IBUF,IP,INPUT,LVCMOS25*,0,,,,NONE,,UNLOCATED,NO,NONE,
P112,A<4>,IBUF,IO_L01P_0,INPUT,LVCMOS25*,0,,,,NONE,,UNLOCATED,NO,NONE,
P113,A<5>,IBUF,IO_L01N_0,INPUT,LVCMOS25*,0,,,,NONE,,UNLOCATED,NO,NONE,
P114,A<6>,IBUF,IP,INPUT,LVCMOS25*,0,,,,NONE,,UNLOCATED,NO,NONE,
P115,,,VCCINT,,,,,,,,1.2,,,,
P116,A<7>,IBUF,IO_L02P_0,INPUT,LVCMOS25*,0,,,,NONE,,UNLOCATED,NO,NONE,
P117,A<8>,IBUF,IO_L02N_0,INPUT,LVCMOS25*,0,,,,NONE,,UNLOCATED,NO,NONE,
P118,,,GND,,,,,,,,,,,,
P119,A<9>,IBUF,IP_L03P_0,INPUT,LVCMOS25*,0,,,,NONE,,UNLOCATED,NO,NONE,
P120,A<10>,IBUF,IP_L03N_0,INPUT,LVCMOS25*,0,,,,NONE,,UNLOCATED,NO,NONE,
P121,,,VCCO_0,,,0,,,,,2.50,,,,
P122,B<16>,IBUF,IO_L04P_0/GCLK4,INPUT,LVCMOS25*,0,,,,NONE,,UNLOCATED,NO,NONE,
P123,A<12>,IBUF,IO_L04N_0/GCLK5,INPUT,LVCMOS25*,0,,,,NONE,,UNLOCATED,NO,NONE,
P124,A<13>,IBUF,IO/VREF_0,INPUT,LVCMOS25*,0,,,,NONE,,UNLOCATED,NO,NONE,
P125,A<14>,IBUF,IO_L05P_0/GCLK6,INPUT,LVCMOS25*,0,,,,NONE,,UNLOCATED,NO,NONE,
P126,A<15>,IBUF,IO_L05N_0/GCLK7,INPUT,LVCMOS25*,0,,,,NONE,,UNLOCATED,NO,NONE,
P127,,,GND,,,,,,,,,,,,
P128,A<16>,IBUF,IP_L06P_0/GCLK8,INPUT,LVCMOS25*,0,,,,NONE,,UNLOCATED,NO,NONE,
P129,A<17>,IBUF,IP_L06N_0/GCLK9,INPUT,LVCMOS25*,0,,,,NONE,,UNLOCATED,NO,NONE,
P130,A<18>,IBUF,IO_L07P_0/GCLK10,INPUT,LVCMOS25*,0,,,,NONE,,UNLOCATED,NO,NONE,
P131,A<19>,IBUF,IO_L07N_0/GCLK11,INPUT,LVCMOS25*,0,,,,NONE,,UNLOCATED,NO,NONE,
P132,,IOB,IO,UNUSED,,0,,,,,,,,,
P133,,,GND,,,,,,,,,,,,
P134,,DIFFM,IO_L08P_0,UNUSED,,0,,,,,,,,,
P135,,DIFFS,IO_L08N_0/VREF_0,UNUSED,,0,,,,,,,,,
P136,,IBUF,IP,UNUSED,,0,,,,,,,,,
P137,,,VCCAUX,,,,,,,,2.5,,,,
P138,,,VCCO_0,,,0,,,,,2.50,,,,
P139,,DIFFM,IO_L09P_0,UNUSED,,0,,,,,,,,,
P140,,DIFFS,IO_L09N_0,UNUSED,,0,,,,,,,,,
P141,,IBUF,IP,UNUSED,,0,,,,,,,,,
P142,,DIFFM,IO_L10P_0,UNUSED,,0,,,,,,,,,
P143,,DIFFS,IO_L10N_0/HSWAP,UNUSED,,0,,,,,,,,,
P144,,,TDI,,,,,,,,,,,,

# -----,-----,-----,-----,-----,-----,-----,-----,-----,-----,-----,-----,-----,-----,-----,
# 
#* Default value.
#** This default Pullup/Pulldown value can be overridden in Bitgen. 
#****** Special VCCO requirements may apply. Please consult the device 
#       family datasheet for specific guideline on VCCO requirements. 
#
#
#